# Weerbot · modellen per stad (deel 2 en 3, versie met alle voorspellers)

## Wat hier ligt

| Bestand | Inhoud |
|---|---|
| `uit_features/<stad>.csv` | featurebestand per stad, 2021 t/m 28-07-2026, alles in °C |
| `voorspellingen.csv` | alle out-of-sample testvoorspellingen (jan 2025 t/m jul 2026) |
| `resultaten.csv` | MAE per variant, label, p-waarde en NGR-parameters per stad |
| `resultaten_zonder_aux.csv` / `voorspellingen_zonder_aux.csv` | dezelfde backtest zónder de vijf weersvoorspellers, ter vergelijking |
| `modellen/modellen.json` | eindmodel per stad (hertraind op alle data) |
| `modellen/pooled_gbm.pkl` | gepoold boostingmodel over alle 51 steden (vangnet) |
| `deel2_features.py` / `deel3_train.py` | hele pijplijn, herdraaibaar |

## Doelvariabele

Per stad de daghoogste van het **resolutiestation**: 49 steden via IEM METAR
(daghoogste per lokale kalenderdag, geldig bij ≥ 8 waarnemingen waarvan ≥ 1
tussen 10 en 18 u), Hongkong via het HKO-archief, Jinan via ERA5 (waarop die
markt afrekent). Elke stad heeft > 1500 doeldagen.

## Voorspellers (15)

p1 per modelsysteem (IFS, AIFS, GFS, ICON, GEM) · inter-model-spreiding ·
run-to-run-verandering (p1 tegenover p2) · doy_sin/doy_cos · lagfout (lag 2) ·
en de vijf weersvariabelen: relatieve vochtigheid (daggem.), bewolking
(daggem.), windmax, instralingssom, neerslagsom. De vijf komen uit het
**ERA5-archief** (één bron voor alle 51 steden, volledig vanaf 2021).

## Varianten, backtest en beslisregel

Walk-forward met maandelijks bijtrainen, testen op jan 2025 t/m jul 2026
(~570 testdagen per stad). Label **ML** alleen als de beste van ridge/gbm de
huidige stijl (a + b·mm + g·lagfout) verslaat met ≥ 0,03 °C én ≥ 2% lagere MAE
én gepaarde toets p < 0,05. Niet-backtestbaar (n_test < 120 of n_train < 250)
zou GEPOOLD krijgen; kwam niet voor.

## Uitkomst

- **36 steden ML** (alle via ridge; boosting per stad verloor overal, conform
  de evaluatie bij deze steekproefomvang), **1 GEPOOLD** (Austin),
  **14 LINEAIR**.
- Gemiddelde MAE over 51 steden: ruw 1,14 · ref_lin 0,89 · ridge 0,83 °C;
  in de ML-steden gemiddeld 0,08 °C winst op de huidige stijl.
- Effect van de vijf weersvoorspellers: ridge 0,85 → 0,83 °C en tien extra
  ML-steden, vooral tropen- en kustklimaten (Singapore, Hongkong, Taipei,
  Mexico-Stad, Wellington) waar bewolking en neerslagregime het maximum sturen.
- NGR-spreiding (σ = √(c² + (d·spreiding)²), gefit op out-of-sample-fouten):
  gemiddeld ~1% CRPS-winst boven vaste σ; bescheiden omdat de spreidingsmaat
  een proxy is (inter-model-spreiding).

## Eerlijke kanttekeningen

1. De vijf weersvariabelen zijn **reanalysewaarden van dezelfde dag** (ERA5).
   In bedrijf gebruikt de app de live-voorspelling van diezelfde variabelen
   voor de doeldag (die bestaat op voorspelmoment), maar de backtest kan deze
   features licht flatteren omdat reanalyse ≈ perfecte regime-informatie.
   Advies: de ML-winst per stad blijven toetsen op de live-log van de app.
2. Echte ensemble-ledenspreiding is vóór 2024 niet backfillbaar; gebruikt is
   de inter-model-spreiding plus run-to-run-verandering.
3. `ref_lin` is een gestileerde stand-in voor de app-correctie (zelfde
   structuur, zonder EWMA/shrinkage).
4. Training en MAE's in °C; voor de 11 VS-steden geldt ×1,8 voor °F.
5. AIFS is één doorlopende reeks (oud ID t/m 11-03-2025, `_single` daarna).

## Integratie in de app

Voor ML-steden staat in `modellen.json` per stad: featurelijst, imputatie-
medianen, standaardisatie (mu/sd), coëfficiënten en intercept: een handvol
regels JavaScript in de PWA, geen zware afhankelijkheden. LINEAIR-steden
hebben er hun a/b/g-coëfficiënten; Austin gebruikt `pooled_gbm.pkl` in de
wekelijkse GitHub-workflow of valt tot integratie terug op de huidige lijn.

## Stap 3 · uitgevoerd als experiment (deel 4)

Een gepoold neuraal netwerk (MLP 64×32, stads-one-hot, zelfde 15 features,
zelfde walk-forward en beslisregel) is getraind en getest: zie
`deel4_nn.py`, `voorspellingen_nn.csv` en `resultaten_nn.csv`. Uitkomst:
MAE ref_lin 0,89 · ridge 0,83 · NN 0,87 °C; het NN verslaat ridge in 1 van de
51 steden, ridge verslaat het NN in 18; CRPS ridge 0,595 tegen NN 0,618.
Conclusie: stap 3 is technisch uitvoerbaar maar bij dit datavolume aantoonbaar
níet lonend; ridge + NGR blijft de kampioen. Herstart-trigger: opnieuw
proberen zodra gepoolde boosting de per-stad ridge verslaat, of zodra het
datavolume wezenlijk groeit (meer jaren, meer stations of echte ledenspreiding).

## Toelatingstoets nieuwe modelfamilies (deel 5)

Een nieuwe familie (zoals het NN) wordt per stad pas toegelaten als hij de
zittende kampioen verslaat volgens de ML-regel in beide helften van de
walk-forward, na Bonferroni-correctie (p × 51 < 0,05), en daarna 60 dagen
standhoudt op de live-log. Uitkomst voor het NN: nul steden. Ook Parijs, de
enige nominale winnaar tegen ridge, valt door de mand: p × 51 = 1,0, winst
alleen in helft 1 (0,81 tegen 0,71) en verlies in helft 2 (0,68 tegen 0,70),
en tegen Parijs' echte kampioen ref_lin is p = 0,15. Bij 51 toetsen op
p < 0,05 zijn ~2 tot 3 valse winnaars verwacht; er was er precies 1.
`deel5_robuustheid.py` draait deze toets automatisch mee bij elke hertraining.

## Leercurve en 25-jaars-extrapolatie (deel 6)

Vaste testset (jan t/m jul 2026), training op de laatste N dagen vóór 2026.
Vensters korter dan een vol jaar zijn uit de extrapolatie gelaten (die missen
hele seizoenen en meten seizoensdekking in plaats van steekproefomvang).
Gemeten MAE (°C): ridge 0,855 → 0,848 → 0,830 en nn 0,901 → 0,886 → 0,864 bij
360 → 480 → 660 dagen. De 1/√n-doortrekking naar 25 jaar (n ≈ 9400 per
station): ridge ≈ 0,78, nn ≈ 0,79, gbm ≈ 0,85. Interpretatie: bij 25 jaar
convergeren de beste families rond 0,78 tot 0,79 °C, zo'n 0,04 tot 0,05 °C
(≈ 5 tot 6%) beter dan nu, als bovengrens. Zie `deel6_leercurve.py` en
`leercurve.csv`. Kanttekening: echte data uit 2000 komt van veel zwakkere
modelversies (niet-stationariteit); homogene reforecasts (GEFS v12
2000 tot 2019, vrij op AWS; ECMWF ~20 jaar onder licentie) zijn dan de juiste
bron, en zelfs daarmee blijft een versiekloof naar het huidige model bestaan.

## Getraind op 2000 t/m 2020: het microklimaatmodel (deel 7 en 8)

Archiefvoorspellingen van vóór 2021 bestaan niet in bruikbare vorm (de
GEFS-reforecast is honderden GB aan GRIB), dus op 2000+ is het deel getraind
dat daar wél van te leren valt en stabiel is over decennia: de systematische
afwijking van elk station t.o.v. het ERA5-gridpunt (perfect prognosis).
Deel 7 haalde daarvoor 21 jaar stationswaarnemingen (IEM/HKO) en ERA5-reeksen
op; deel 8 traint per stad delta = station − ERA5 op gridtemperatuur, de vijf
weersvariabelen en seizoen (49 steden; Jinan n.v.t., Istanbul te kort).

Houdbaarheid op 2019 t/m 2020 (MAE van delta): nulmodel 1,30 · maand-
klimatologie 1,11 · lineair 1,04 · gbm 1,00 °C. Het signaal is dus echt.
In de walk-forward (kandidaat ridge+klim, gridtemperatuur = mm_gem):
gemiddeld 0,832 → 0,825 °C, en vijf steden verbeteren volgens de vooraf
vastgelegde upgrade-regel (ΔMAE ≥ 0,02 °C én p < 0,05 t.o.v. ridge):
Dallas 0,96→0,93 · Atlanta 0,88→0,86 · Milaan 0,84→0,80 · Chengdu 1,02→1,00 ·
Zhengzhou 0,90→0,87. Bewijskracht gelaagd: Milaan en Zhengzhou ook na
Bonferroni; Dallas consistent in beide helften; Atlanta en Chengdu alleen de
basisregel en dus met 60 dagen live-log te bevestigen. Geen labelwissels:
geen enkele LINEAIR/GEPOOLD-stad haalde de strenge flip-toets.

Serveren: voor de vijf staat in `modellen.json` de variant `ridge_klim` met
de stage-A verwijzing (`stagea_gbm_<stad>.pkl`, wekelijkse workflow) en een
lineaire stage-A-terugval (kale coëfficiënten, client-side bruikbaar). De
overige 44 stage-A-modellen zijn regenereerbaar met
`python3 deel8_klim.py stagea`. Kanttekeningen: zelfde aux-caveat als eerder;
Qingdao's historie vóór 2021 is het oude vliegveld Liuting.
